00_05031_cloudy_chiaroscuro_v1.avif,?/41245/category/2272
01_05035_aoraki_mt_cook_v1.avif,?/41247/category/2272
02_05084_black_billed_gull_v1.avif,?/41280/category/2273
03_20260219_071006827_mp_at_mantra_with_biryani_etc.avif,?/41307/category/2273
04_20260220_015944920_gorge_road_rock.avif,?/41066/category/2264
05_05168_paradise_shelduck_with_coot_chick_v1.avif,?/40952/category/2258
10_20260221_040738895_approaching_aspiring_hut.avif,?/40981/category/2258
11_05837_pointy_rocky_peaks_v1.avif,?/41086/category/2265
12_05894_takahe_v1-topaz-denoise-sharpen.avif,?/41094/category/2265
16_06152_mp_and_pukaki_and_aoraki_v1.avif,?/41214/category/2271
