02_05783_ducks_in_a_row_v1.avif,?/41531/category/2279
10_06241_welcome_swallows_v1.avif,?/41968/category/2289
07_06028_why_u_here_mr_goose_v1-topaz-denoise-sharpen.avif,?/41832/category/2286
14_02816_kaka_v1.avif,?/42191/category/2297
08_06199_piwakawaka_fantail_v1.avif,?/41926/category/2288
13_06254_pigeons_on_a_pillar_v1.avif,?/41772/category/2285
11_02770_kereru_v1.avif,?/42180/category/2297
03_05803_silvereye_v3.avif,?/41537/category/2279
05_05976_kakaruai_s_island_robin_v1-topaz-sharpen.avif,?/41820/category/2286
12_02785_orbell_the_takahe_v1.avif,?/42184/category/2297
01_05367_leaping_kiwi_v1.avif,?/41663/category/2281
04_05910_nz_piipit_v1.avif,?/41707/category/2282
09_06238_blackbirds_v1.avif,?/41967/category/2289
06_05989_titipounamu_butt_v1-topaz-sharpen.avif,?/41822/category/2286
00_05363_kakapo_v1.avif,?/41662/category/2281
