08_04480_bridge_on_escarpment_track_v1.avif,?/41495/category/2277
06_04478_escarpment_v1.avif,?/41493/category/2277
20_04557_paekakariki_v1.avif,?/41515/category/2277
18_04545_spiderwebs_v1.avif,?/41511/category/2277
12_04509_through_the_forest_v1.avif,?/41501/category/2277
10_04497_train_tunnel_v1.avif,?/41498/category/2277
02_04474_pukerua_bay_coastline_v1.avif,?/41490/category/2277
00_04458_cat_v1.avif,?/41487/category/2277
16_04537_representation_of_a_gecko_v1.avif,?/41509/category/2277
14_04535_waves_from_above_v1.avif,?/41507/category/2277
04_04476_dayglo_walkers_v1.avif,?/41492/category/2277
