31_07844_mp_plam_v1.avif,?/41585/category/2280
30_04469_glowing_kapiti_island_v1.avif,?/41489/category/2277
02_06216_mossy_tree_v1.avif,?/41931/category/2288
53_05534_dart_glacier_v1.avif,?/41424/category/2276
10_00490_tram_driver_v1.avif,?/42010/category/2290
52_05525_unknown_guy_on_cascade_saddle_v1.avif,?/41421/category/2276
51_20260222_001206863_mp_and_dart_glacier.avif,?/41461/category/2276
00_05825_stream_v1.avif,?/41546/category/2279
45_08043_golden_hour_v1.avif,?/41645/category/2280
20_20250416_022837844_plam_miraflores.avif,?/41526/category/2278
03_07162_mana_and_kapiti_islands_v1.avif,?/42089/category/2292
11_00531_trees_golden_hour_v1.avif,?/42031/category/2290
50_05477_mount_maori_v1.avif,?/41403/category/2276
01_06039_blue_lake_v1.avif,?/41835/category/2286
40_03729_cat_and_ebike_v1.avif,?/41570/category/2280
