12_00555_gripping_v1.avif,?/42156/category/2295
00_20240315_191646903_shiaijo.avif,?/42134/category/2294
04_20240411_081234169_upper_hutt_judo_area_workout.avif,?/42122/category/2293
06_20240517_213340112_shiaijo_canterbury_open_v1.avif,?/42158/category/2295
18_20250415_134255649_seminar_venue.avif,?/41519/category/2278
08_00537_warmup_v1.avif,?/42149/category/2295
10_00547_hajime.avif,?/42151/category/2295
14_20240601_033146212_sm66_podium_v1.avif,?/42173/category/2296
02_20240315_193121839_medals_v1.avif,?/42136/category/2294
16_20240602_025356115_nage_no_kata_medals_v1.avif,?/42179/category/2296
