00_07942_village_through_the_trees_v1.avif,?/41604/category/2280
00_07797_shed_with_flowerpots_v1.avif,?/41577/category/2280
00_07900_lively_at_miage_v1.avif,?/41594/category/2280
00_03705_shiny_snowy_peaks_v1.avif,?/41564/category/2280
11_08012_cows__not_real_ones_v1.avif,?/41633/category/2280
11_07977_notre_dame_de_la_gorge_v1.avif,?/41619/category/2280
11_08005_chalet_nant_borrant_v1.avif,?/41629/category/2280
00_07834_mp_and_no_crowds_v1.avif,?/41584/category/2280
11_08022_mp_at_dinner_table_v1.avif,?/41636/category/2280
11_08026_food_dessert_v1.avif,?/41639/category/2280
11_08036_ridge_v1.avif,?/41643/category/2280
01_07807_pinion_rail_v1.avif,?/41581/category/2280
