16_06275_back_to_the_arch_v1.avif,?/41784/category/2285
08_20240816_000816459_mp.avif,?/41808/category/2285
12_06269_tunnel_pass_v1.avif,?/41780/category/2285
04_06235_rainbow_v1.avif,?/41766/category/2285
02_06232_rocks_at_tunnel_point_v1.avif,?/41765/category/2285
18_06279_pointy_rock_behind_gorse_v1.avif,?/41786/category/2285
14_06272_sharp_lines_v1.avif,?/41783/category/2285
10_06265_stacktop_v1.avif,?/41778/category/2285
06_20240816_000527645_carved_graffiti.avif,?/41806/category/2285
00_06230_tunnel_point_cliffs_v1.avif,?/41764/category/2285
