10_00011_wolfs_milk_v1.JPG,?/39884/category/2225
11_00058_lichen_genus_menegazzia_v1.JPG,?/39895/category/2225
20_03369_rhododendron_with_bee_v1.JPG,?/40218/category/2236
30_03522_manuka_v1.JPG,?/40258/category/2237
31_03612_rose_v1.JPG,?/40270/category/2237
00_03617_snow_lichen_v1.JPG,?/40780/category/2242
01_03645_pandani_v1.JPG,?/40056/category/2230
02_03885_hedgehog_mushroom_v1.JPG,?/40112/category/2230
41_04094_buttercup__ranunculus_verticillatus_v1.JPG,?/40580/category/2247
42_04178_red_coprosma_berry_v1.JPG,?/40613/category/2247
43_04209_vegetable_sheep_v1.JPG,?/40510/category/2244
44_04285_dog_vomit_slime_mold_v1.JPG,?/40521/category/2244
21_20251111_224113885_yellow_admiral.PORTRAIT_v1.jpg,?/40226/category/2236
40_20251206_211751958_vegetable_sheep.jpg,?/40671/category/2248

