13_00079_kakaruai__s_island_robin_v1.JPG,?/39897/category/2225
30_03657_riroriro_grey_warbler_v2.JPG,?/40275/category/2237
11_03687_clouds_on_hills_v1.JPG,?/40067/category/2230
12_03909_falls_v1.JPG,?/40117/category/2230
40_03961_black_mountain_ringlet_v1.JPG,?/40637/category/2248
42_04051_mp_lake_angelus_v1.JPG,?/40652/category/2248
43_04077_angelus_peak_v1.JPG,?/40574/category/2247
44_04149_last_gps_coords_from_phone_v1.JPG,?/40600/category/2247
50_04297_pohutukawa_v1.JPG,?/40750/category/2251
00_04761_feed_me_v1.JPG,?/39988/category/2229
01_20231213_230445410_rainier_view_v1.jpg,?/40046/category/2228
02_20231215_022026915_seattle_lit_up.jpg,?/40170/category/2233
10_20240628_033957752_bed_but_not_a_bunk.jpg,?/40451/category/2242
20_20250604_055200322_sunset_v1.jpg,?/40149/category/2232
31_20251130_022528272_sm66_wellington_closed.jpg,?/40256/category/2236
41_20251206_233026665_plam_lake_angelus_v1.jpg,?/40676/category/2248
45_20251208_180043699_phone_found_v1.jpg,?/40524/category/2244
46_20251208_211602747_speargrass_track_valley_v1.jpg,?/40535/category/2244
