00_20231212_141258176_welcome_to_traditional_musqueam_territory.jpg,?/39993/category/2229
04602_canada_place_entrance_v1.JPG,?/39955/category/2229
04666_vancouver_v1.JPG,?/39970/category/2229
04703_harbour_air_v1.JPG,?/39974/category/2229
04726_working_the_docks_v1.JPG,?/39978/category/2229
04730_props_v1.JPG,?/39979/category/2229
30_20231212_215135926_vancouver_and_mountains_v1.jpg,?/40011/category/2229
31_20231212_010124990_airnz_and_sq__weather_coming_in.jpg,?/39951/category/2227
40_20251017_215947589_gerry_ontario_open.jpg,?/40456/category/2246
40_20251019_112227713_scarborough_in_the_morning_v1.jpg,?/40459/category/2246
40_20251020_163305995_costumed_on_campus_v1.jpg,?/40464/category/2246
40_20251020_171225852_waterloo_park_in_the_fall_v1.jpg,?/40467/category/2246
40_20251020_230211468_go_train_in_kitchener_v1.jpg,?/40469/category/2246
