30_03364_supreme_court_of_nz_v1.JPG,?/40217/category/2236
40_03695_wellington_cbd_view_v1.JPG,?/40687/category/2249
40_04290_annual_purple_blooms_v1.JPG,?/40748/category/2251
00_04358_working_the_grips_v1.JPG,?/39930/category/2226
60_04525_morning_sun_v1.JPG,?/40759/category/2251
20231211_215529201_pohutukawa_formerly_at_akl_intl.jpg,?/39947/category/2227
20240106_211155383_karori_park_v1.jpg,?/40374/category/2241
20240106_213707550_wind_turbines_view.jpg,?/40376/category/2241
20240106_221906717_ragwort_and_also_bush.jpg,?/40380/category/2241
20240106_224123653_karori_cemetary_v1.jpg,?/40381/category/2241
20240106_230501086_eel_v1.jpg,?/40382/category/2241
20240107_032926186_island_bay_and_taputeranga_island_v1.jpg,?/40390/category/2241
20240107_034447454_some_pohutukawa_blooms_v1.jpg,?/40391/category/2241
20240107_040916310_island_bay_beach_v1.jpg,?/40399/category/2241
20250603_225303290_rainy_wlg_v1.jpg,?/40138/category/2232
20251101_034901897_luigi_v1.jpg,?/40222/category/2236
30_20251111_225056247_carving.jpg,?/40227/category/2236
30_20251115_070448866_sunset_over_bunnings_v1.jpg,?/40235/category/2236
30_20251117_024932026_faultline_reflection.jpg,?/40242/category/2236
30_20251118_231301312_serving_strawberries.jpg,?/40245/category/2236
30_20251202_040323223_weka_electrical.jpg,?/40760/category/2251
50_20251219_042835803_xmas_tree_boulder_problems.jpg,?/40772/category/2251
50_20251219_063929630_drying_stuffed_animals_v1.jpg,?/40774/category/2251
