10_04794_little_egret_v1.avif,?/42759/category/2321
12_04798_striated_heron_v1.avif,?/42760/category/2321
14_04823_straw_necked_ibis_headshot_v1.avif,?/42762/category/2321
16_04845_torresian_kingfisher_v1.avif,?/42765/category/2321
18_04886_pair_of_muscovy_ducks_v1.avif,?/42770/category/2321
20_04895_australasian_grebe_v1.avif,?/42772/category/2321
22_04917_willie_wagtail_v1-topaz-sharpen.avif,?/42775/category/2321
24_04946_red_billed_gull_v1.avif,?/42779/category/2321
26_04953_kingfisher_v1-topaz-sharpen.avif,?/42781/category/2321
28_05000_pelicans_v1.avif,?/42787/category/2321
