00_20250728_054253465_tureens_and_cowbells.avif,?/42607/category/2316
02_20250728_063058637_window_v1.avif,?/42609/category/2316
04_20250728_063408054_val_ferret_in_the_morning_v1.avif,?/42612/category/2316
06_04027_valley_v1.avif,?/42559/category/2316
08_20250728_072753711_rifugio_elena.avif,?/42619/category/2316
10_04053_rainbow_v1.avif,?/42563/category/2316
12_04069_hostile_weather_v1.avif,?/42565/category/2316
14_20250728_093903299_trail_in_the_landscape_v1.avif,?/42633/category/2316
16_20250728_094815182_mule_v1.avif,?/42636/category/2316
18_04089_two_swiss_cows_v1.avif,?/42569/category/2316
20_09385_ferret_ch_v1.avif,?/42574/category/2316
22_09412_chemin_du_bouquetin_and_excess_shoe_v1.avif,?/42583/category/2316
24_20250728_130955128_gite_de_la_fouly.avif,?/42652/category/2316
26_20250728_134549670_stag_and_bear_v1.avif,?/42654/category/2316
28_20250728_134816435_mules_v1.avif,?/42655/category/2316
30_09476_pile_of_donkeys_v1.avif,?/42603/category/2316
