00_02869_plam_v1.avif,?/39316/category/2209
01_20231128_073421380_fare.avif,?/39156/category/2205
02_20231128_230745076_limestone_roofs.avif,?/39211/category/2207
05_05204_lujiazui_skyline_across_huangpu_from_bund_v1.avif,?/39523/category/2214
10_05365_giant_panda_v1.avif,?/39434/category/2213
11_07667_monochrome_peaks_v1.avif,?/38904/category/2197
12_07670_mp_plam_v1.avif,?/38906/category/2197
13_07698_aiguillette_des_houches_v1.avif,?/38914/category/2197
14_20250721_145522465_les_houches_tmb_v1.avif,?/38973/category/2197
15_03321_on_the_final_ridge_v1.avif,?/39094/category/2203
20_04730_temporary_lake_on_summit_plateau_v1.avif,?/39781/category/2222
