00_20231127_154235939_wlg_v1.avif,?/38785/category/2192
01_20231127_230230476_bouraki_bay.avif,?/38795/category/2192
02_20231128_034222653_magenta_la_nouvelle_caledonie_me_donne_des_ailes_v1.avif,?/39146/category/2205
03_20231128_050545083_air_caledonie_unloading.avif,?/39149/category/2205
10_03268_palm_trees_at_sunset_v1.avif,?/39140/category/2205
11_03336_chicken_plus_four_v1.avif,?/39177/category/2207
12_20231128_214909987_clothing_for_sale.avif,?/39201/category/2207
13_20231129_193001358_super_sketch_rental_car.avif,?/39237/category/2206
14_20231130_000058780_in_the_car_again.avif,?/39300/category/2208
20_04060_score_v1.avif,?/39606/category/2217
21_04069_kumikata_v1.avif,?/39610/category/2217
