00_20231125_220552496_citrus_v1.avif,?/38847/category/2195
00_20231125_220702902_church_of_3_chapels_v1.avif,?/38849/category/2195
00_20231125_220722384_mini_chapel.avif,?/38851/category/2195
01_07144_miniature_temple.avif,?/36440/category/2117
10_20231126_034045064_waiopehu_hut.avif,?/38864/category/2195
10_20231126_034349646_inside_the_hut.avif,?/38867/category/2195
10_20231126_060511998_tararuas_v1.avif,?/38875/category/2195
10_20231126_061152433_towards_golden_hour_v1.avif,?/38879/category/2195
10_20231126_073108567_pink_moonrise.avif,?/38881/category/2195
10_20231126_081050199_levin_at_dusk.avif,?/38882/category/2195
10_20231126_220351380_deer_mushrooms_v1.avif,?/38888/category/2196
