04666_yukon_v1.avif,?/39024/category/2202
11_30106_clay_cliffs_v1.avif,?/39033/category/2202
11_30171_raven_in_flight_v1.avif,?/39040/category/2202
11_30201_frosty_v1.avif,?/39051/category/2202
11_30216_birdhouse_with_dead_bird_v1.avif,?/39054/category/2202
20251029_033610405_mascot_bakery_v1.avif,?/39675/category/2219
20251029_035450828_american_snacks.avif,?/39677/category/2219
20251029_040604251_mascot_library.avif,?/39679/category/2219
20251029_042900532_jacaranda_v1.avif,?/39682/category/2219
20251029_050335012_nagganbi_greetings.avif,?/39688/category/2219
