00_20260223_171455056_southern_cross_over_mountains.NIGHT.avif,?/41350/category/2274
01_06054_south_island_robin_v1.avif,?/41318/category/2274
02_06056_rees_valley_station_rules_v1.avif,?/41320/category/2274
03_06057_halfway_point_v1.avif,?/41321/category/2274
04_06076_line_of_light_v1.avif,?/41323/category/2274
05_06083_into_the_sun_v1.avif,?/41324/category/2274
06_06108_offroading_v1.avif,?/41331/category/2274
10_20260223_223536312_building.avif,?/41359/category/2274
11_06134_mans_best_friend_v1.avif,?/41341/category/2274
12_06137_muddy_creek_v1.avif,?/41343/category/2274
20_20260223_235728833_sandfly_shelter.avif,?/41360/category/2274
21_20260224_055917355_cabin_10_tekau.avif,?/41365/category/2274
99_20260224_070535580_food_fish_and_chips.avif,?/41368/category/2274
