00_08578_tui_v1.avif,?/41383/category/2275
01_20251228_165502308_towards_the_summit.avif,?/41200/category/2270
10_05031_cloudy_chiaroscuro_v1.avif,?/41245/category/2272
11_05052_yet_another_aoraki_picture_v1.avif,?/41252/category/2272
12_05121_at_the_salmon_farm_v1.avif,?/41288/category/2273
13_20260219_061509489_campsite_cat.PORTRAIT_v1.avif,?/41303/category/2273
14_05727_moonset_v1.avif,?/41159/category/2266
15_20260222_172618379_dawn_skies_from_dart_hut_v1.avif,?/41104/category/2265
16_05741_kea_looking_out_from_hut_rooftop_v1.avif,?/41072/category/2265
17_05960_takahe_v1-topaz-denoise-sharpen.avif,?/41098/category/2265
18_06024_more_falls_v1.avif,?/41312/category/2274
19_06142_mp_at_muddy_creek_v1.avif,?/41345/category/2274
20_06146_mp_pondering_aoraki_v1.avif,?/41213/category/2271
