00_20260222_043217721_mp_on_a_hike.avif,?/41160/category/2266
10_05588_flats_above_the_dart_river__snow_above_v1.avif,?/41135/category/2266
10_05600_bruckner_glacier_toe_v1.avif,?/41137/category/2266
10_05602_snowy_with_crevasses_v1.avif,?/41138/category/2266
10_05617_bruckner_and_hesse_glaciers_v1.avif,?/41142/category/2266
10_05622_bruckner_glacier_early_evening_v1.avif,?/41146/category/2266
10_05624_brown_hare_remains_v1.avif,?/41147/category/2266
10_05646_riverbed_to_mountains_v1.avif,?/41154/category/2266
80_20260222_062231295_dart_hut_nearby.avif,?/41168/category/2266
80_20260222_063136169_mp_descending_ladder.avif,?/41172/category/2266
