00_20260217_160706744_top_of_cable_car_v1.avif,?/41258/category/2272
00_20260217_200103323_kiwi_bus_engine_grate_v1.avif,?/41263/category/2272
00_20260217_230441784_easter_kiwis.avif,?/41268/category/2272
00_20260218_194305439_near_unwin_lodge_v1.avif,?/41293/category/2273
40_05097_bubbles_v1.avif,?/41284/category/2273
50_20260218_215530013_salmon_farm_v1.avif,?/41298/category/2273
50_20260219_035304158_mt_iron_toe_the_line.avif,?/41301/category/2273
50_20260219_062553920_arrowtown_masonic_lodge_v1.avif,?/41305/category/2273
50_20260219_071006827_mp_at_mantra_with_biryani_etc.avif,?/41307/category/2273
50_20260219_235117187_magnum_wall.avif,?/41063/category/2264
50_20260220_015944920_gorge_road_rock.avif,?/41066/category/2264
99_05136_panning_for_gold_arrowtown_sculptures_v1.avif,?/41057/category/2264
99_05138_arrowtown_holiday_park_v1.avif,?/41059/category/2264
