06_07878_australasian_shoveler_v1.JPG,?/42677/category/2319
14_08072_swamp_harrier_v1-topaz-sharpen-upscale-1.8x.jpeg,?/42699/category/2319
26_08457_two_eurasian_skylarks_v1.JPG,?/43070/category/2328
32_08640_red_billed_gull_v1.JPG,?/43093/category/2328
28_08596_piwakawaka_v1.JPG,?/43083/category/2328
08_07904_pukeko_v1.JPG,?/42680/category/2319
16_08158_scaup_v1-topaz-sharpen-denoise.jpeg,?/42718/category/2319
18_20260613_014745023_little_black_shags_v1.jpg,?/43128/category/2329
12_08012_flying_stilt_v1-topaz-sharpen-lighting-upscale-1.8x.jpeg,?/42694/category/2319
04_07864_silvereye_v1-topaz-denoise-sharpen.jpeg,?/42676/category/2319
30_08605_yellowhammer_v1.JPG,?/43084/category/2328
02_03929_choughs_flying_v1.JPG,?/42897/category/2325
20_08429_white_faced_heron_v1.JPG,?/43065/category/2328
22_08433_flying_swans_v1-topaz-remove.jpeg,?/43066/category/2328
24_08441_black_swans_on_the_path_v1-topaz-sharpen.jpeg,?/43069/category/2328
00_03898_northern_wheatear_v1-topaz-upscale-4x.jpeg,?/42893/category/2325
34_20260612_025759300_kaka_on_campus_v1.jpg,?/43117/category/2329
10_07927_goldfinch_v1-topaz-upscale-1.8x.jpeg,?/42685/category/2319
