16_20260709_203841332_scraping_the_windshield_at_bhe_v1.jpg,?/43096/category/2328
18_08572_heron_in_flight_v1.JPG,?/43080/category/2328
12_04999_wow_v1-topaz-denoise-sharpen-face-lighting.jpeg,?/42826/category/2322
24_08842_sperm_whale_and_cape_petrel_v1.JPG,?/43187/category/2331
02_05282_barron_falls_v1.JPG,?/43452/category/2336
10_09079_marbled_white_v1.JPG,?/42991/category/2324
06_08861_cow_and_calf_v1-topaz-upscale-2.1x.jpeg,?/42923/category/2325
00_30445_humpnose_big_eye_bream_v1.JPG,?/43370/category/2334
08_08946_peek_a_moo_v1.JPG,?/42940/category/2325
26_08923_albatross_and_seal_eating_squid_v1.JPG,?/43205/category/2331
28_09109_scratchy_scars_v1.JPG,?/43221/category/2331
14_08062_pied_stilt_v1-topaz-sharpen.jpeg,?/42697/category/2319
22_08694_cape_petrel_v1.JPG,?/43179/category/2331
30_20260627_015303637_vm66.jpg,?/43142/category/2329
20_08657_mp_v1.JPG,?/43173/category/2331
04_08812_rocky_peak_and_glacier_v1.JPG,?/42908/category/2325
