20_09032_humpback_v1.JPG,?/43216/category/2331
18_09013_humpback_tail_v1-topaz-sharpen.jpeg,?/43214/category/2331
12_08953_mealtime_v2.JPG,?/43210/category/2331
04_08847_sperm_whale_rainbow_blow_v1.JPG,?/43188/category/2331
02_20260711_015530404_kaikoura_coast_v1.jpg,?/43256/category/2331
24_09115_scratchy_tail_v1.JPG,?/43222/category/2331
30_09276_under_the_tail_v1-topaz-sharpen.jpeg,?/43233/category/2331
06_08857_sperm_whale_tail_v1.JPG,?/43190/category/2331
26_09237_northern_giant_petrel_v2.JPG,?/43228/category/2331
14_08965_two_albatrosses_v1-topaz-sharpen.jpeg,?/43211/category/2331
32_09417_salvils_mollymawk_gliding_up_v1.JPG,?/43240/category/2331
34_09452_sunbeams_v1.JPG,?/43245/category/2331
10_08944_seal_and_albatross_v1-topaz-sharpen.jpeg,?/43206/category/2331
22_09077_three_birds_v1-topaz-denoise-sharpen.jpeg,?/43219/category/2331
08_08903_head_on_albatross_v1.JPG,?/43198/category/2331
28_09245_kaikoura_cliffs_towards_golden_hour_v1.JPG,?/43230/category/2331
00_20260710_234906429_whale_watch_kaikoura_in_train_station.jpg,?/43251/category/2331
16_08976_albatross_takeoff_v1.JPG,?/43212/category/2331
