02_08807_path_to_the_mountains_v1.JPG,?/42906/category/2325
18_09029_glacier_brenva_v1.JPG,?/42979/category/2324
00_08803_three_peaks_v1.JPG,?/42904/category/2325
12_03944_two_peaks_v1.JPG,?/42901/category/2325
16_03945_mont_chetif_v1.JPG,?/42955/category/2324
08_08857_alpine_landscape_v1.JPG,?/42922/category/2325
04_03881_rainbow_v1.JPG,?/42889/category/2325
14_08938_shiny_v1.JPG,?/42939/category/2325
10_08910_towards_mountains_v1.JPG,?/42935/category/2325
06_03883_glacier_toe_v1.JPG,?/42890/category/2325
