18_20260718_000128745_sailing_round_the_bays_v1.avif,?/43830/category/2344
22_20260723_234228261_new_crl_station_te_waihorotiu_v1.avif,?/None/category/YYY
20_20260723_201459796_arerewa_lift_at_puhinui_station_v1.avif,?/None/category/YYY
26_20260725_212552818_canadian_flag.avif,?/None/category/YYY
06_08910_white_capped_mollymawk_v1.avif,?/43200/category/2331
08_20260712_010552660_kowhai_still_high_v1.avif,?/43790/category/2343
02_20260703_005201212_some_protest_outside_minitry_of_justice.avif,?/43811/category/2344
16_20260717_233301565_celebrating_lotr_anniversary_v1.avif,?/43829/category/2344
04_20260705_005856216_maori_jesus.avif,?/43821/category/2344
24_20260725_005446881_vm66_podium_v1.avif,?/None/category/YYY
34_04858_red_and_green_poi_and_orakei_basin_v1.avif,?/None/category/YYY
30_04840_sky_tower_from_te_ara_te_uki_te_tai_v1.avif,?/None/category/YYY
10_20260712_021619150_kind_of_destroyed.avif,?/43800/category/2343
28_20260726_050640461_hard_bouldering_extreme_edge.avif,?/None/category/YYY
12_09567_hoary_headed_grebe_v1.avif,?/43769/category/2343
14_20260717_230138681_outside_weta_workshop_v1.avif,?/43828/category/2344
00_08399_elliot_talking_about_elliot.avif,?/None/category/YYY
32_04847_train_pic_v1.avif,?/None/category/YYY
